{
  "regions": [
    {
      "name": "Удмуртская Республика",
      "cities": ["Ижевск", "Сарапул", "Воткинск", "Глазов", "Можга", "Камбарка", "Сигаево", "Ува", "Кизнер", "Дебесы", "Игра", "Кез", "Красногорское", "Малая Пурга", "Селты", "Шаркан", "Якшур-Бодья", "Балезино", "Вавож", "Грахово", "Завьялово", "Каракулино", "Киясово", "Сюмси", "Юкаменское", "Яр"]
    },
    {
      "name": "Республика Татарстан",
      "cities": ["Казань", "Набережные Челны", "Нижнекамск", "Альметьевск", "Зеленодольск", "Бугульма", "Елабуга", "Лениногорск", "Чистополь", "Заинск", "Азнакаево", "Менделеевск", "Буинск", "Агрыз", "Арск", "Бавлы", "Болгар", "Высокая Гора", "Джалиль", "Заинск", "Камское Устье", "Кукмор", "Лаишево", "Мамадыш", "Менделеевск", "Мензелинск", "Муслюмово", "Нурлат", "Пестрецы", "Рыбная Слобода", "Сабы", "Тетюши", "Тюляки", "Черемшан"]
    },
    {
      "name": "Республика Башкортостан",
      "cities": ["Уфа", "Стерлитамак", "Салават", "Нефтекамск", "Октябрьский", "Белорецк", "Туймазы", "Ишимбай", "Сибай", "Кумертау", "Мелеуз", "Благовещенск", "Учалы", "Давлеканово", "Дюртюли", "Янаул", "Бирск", "Белебей", "Агидель", "Баймак", "Межгорье", "Нефтекамск", "Октябрьский", "Салават", "Сибай", "Стерлитамак", "Туймазы", "Уфа", "Учалы", "Янаул", "Абзелиловский", "Альшеевский", "Архангельский", "Аскинский", "Аургазинский", "Баймакский", "Бакалинский", "Балтачевский", "Белебеевский", "Белокатайский", "Белорецкий", "Бижбулякский", "Бирский", "Благоварский", "Благовещенский", "Буздякский", "Бураевский", "Бурзянский", "Гафурийский", "Давлекановский", "Дуванский", "Дюртюлинский", "Ермекеевский", "Зианчуринский", "Зилаирский", "Иглинский", "Илишевский", "Ишимбайский", "Калтасинский", "Караидельский", "Кармаскалинский", "Кигинский", "Краснокамский", "Кугарчинский", "Кушнаренковский", "Куюргазинский", "Мелеузовский", "Мечетлинский", "Мишкинский", "Миякинский", "Нуримановский", "Салаватский", "Стерлибашевский", "Стерлитамакский", "Татышлинский", "Туймазинский", "Уфимский", "Учалинский", "Федоровский", "Хайбуллинский", "Чекмагушевский", "Чишминский", "Шаранский", "Янаульский"]
    },
    {
      "name": "Пермский край",
      "cities": ["Пермь", "Березники", "Соликамск", "Чайковский", "Кунгур", "Лысьва", "Краснокамск", "Чусовой", "Добрянка", "Губаха", "Верещагино", "Кудымкар", "Чернушка", "Нытва", "Оханск", "Очёр", "Александровск", "Горнозаводск", "Гремячинск", "Кизел", "Красновишерск", "Оса", "Усолье"]
    },
    {
      "name": "Кировская область",
      "cities": ["Киров", "Кирово-Чепецк", "Слободской", "Вятские Поляны", "Котельнич", "Омутнинск"]
    },
    {
      "name": "Свердловская область",
      "cities": ["Екатеринбург", "Нижний Тагил", "Каменск-Уральский", "Первоуральск", "Серов", "Новоуральск"]
    },
    {
      "name": "Челябинская область",
      "cities": ["Челябинск", "Магнитогорск", "Златоуст", "Миасс", "Копейск", "Озёрск", "Троицк"]
    },
    {
      "name": "Москва",
      "cities": ["Москва"]
    },
    {
      "name": "Московская область",
      "cities": ["Балашиха", "Подольск", "Химки", "Королёв", "Мытищи", "Люберцы", "Красногорск", "Электросталь", "Коломна", "Одинцово"]
    },
    {
      "name": "Санкт-Петербург",
      "cities": ["Санкт-Петербург"]
    },
    {
      "name": "Ленинградская область",
      "cities": ["Гатчина", "Выборг", "Всеволожск", "Тихвин", "Кириши", "Сосновый Бор", "Волхов"]
    },
    {
      "name": "Краснодарский край",
      "cities": ["Краснодар", "Сочи", "Новороссийск", "Армавир", "Ейск", "Анапа", "Геленджик", "Туапсе"]
    },
    {
      "name": "Ростовская область",
      "cities": ["Ростов-на-Дону", "Таганрог", "Шахты", "Новочеркасск", "Волгодонск", "Батайск", "Новошахтинск"]
    },
    {
      "name": "Нижегородская область",
      "cities": ["Нижний Новгород", "Дзержинск", "Арзамас", "Саров", "Бор", "Кстово", "Павлово"]
    },
    {
      "name": "Самарская область",
      "cities": ["Самара", "Тольятти", "Сызрань", "Новокуйбышевск", "Чапаевск", "Жигулёвск", "Отрадный"]
    },
    {
      "name": "Республика Крым",
      "cities": ["Симферополь", "Севастополь", "Керчь", "Евпатория", "Ялта", "Феодосия", "Джанкой"]
    },
    {
      "name": "Краснояр��кий край",
      "cities": ["Красноярск", "Норильск", "Ачинск", "Канск", "Железногорск", "Минусинск", "Зеленогорск"]
    },
    {
      "name": "Новосибирская область",
      "cities": ["Новосибирск", "Бердск", "Искитим", "Куйбышев", "Обь", "Татарск", "Барабинск"]
    },
    {
      "name": "Алтайский край",
      "cities": ["Барнаул", "Бийск", "Рубцовск", "Новоалтайск", "Заринск", "Камень-на-Оби", "Славгород"]
    },
    {
      "name": "Приморский край",
      "cities": ["Владивосток", "Находка", "Уссурийск", "Артём", "Арсеньев", "Большой Камень", "Спасск-Дальний"]
    },
    {
      "name": "Хабаровский край",
      "cities": ["Хабаровск", "Комсомольск-на-Амуре", "Амурск", "Советская Гавань", "Николаевск-на-Амуре"]
    },
    {
      "name": "Иркутская область",
      "cities": ["Иркутск", "Братск", "Ангарск", "Усть-Илимск", "Усолье-Сибирское", "Черемхово", "Шелехов"]
    },
    {
      "name": "Кемеровская область",
      "cities": ["Кемерово", "Новокузнецк", "Прокопьевск", "Ленинск-Кузнецкий", "Киселёвск", "Междуреченск", "Белово"]
    },
    {
      "name": "Омская область",
      "cities": ["Омск", "Тара", "Калачинск", "Исилькуль", "Называевск", "Тюкалинск"]
    },
    {
      "name": "Томская область",
      "cities": ["Томск", "Северск", "Стрежевой", "Колпашево", "Асино", "Кедровый"]
    },
    {
      "name": "Тюменская область",
      "cities": ["Тюмень", "Тобольск", "Ишим", "Ялуторовск", "Заводоуковск"]
    },
    {
      "name": "Ханты-Мансийский АО",
      "cities": ["Ханты-Мансийск", "Сургут", "Нижневартовск", "Нефтеюганск", "Когалым", "Нягань", "Мегион"]
    },
    {
      "name": "Ямало-Ненецкий АО",
      "cities": ["Салехард", "Новый Уренгой", "Ноябрьск", "Надым", "Муравленко", "Губкинский"]
    },
    {
      "name": "Воронежская область",
      "cities": ["Воронеж", "Борисоглебск", "Россошь", "Лиски", "Нововоронеж", "Острогожск"]
    },
    {
      "name": "Волгоградская область",
      "cities": ["Волгоград", "Волжский", "Камышин", "Михайловка", "Урюпинск", "Фролово"]
    },
    {
      "name": "Саратовская область",
      "cities": ["Саратов", "Энгельс", "Балаково", "Балашов", "Вольск", "Маркс", "Ртищево"]
    },
    {
      "name": "Ульяновская область",
      "cities": ["Ульяновск", "Димитровград", "Инза", "Барыш", "Новоульяновск", "Сенгилей"]
    },
    {
      "name": "Оренбургская область",
      "cities": ["Оренбург", "Орск", "Новотроицк", "Бузулук", "Соль-Илецк", "Гай", "Кувандык"]
    },
    {
      "name": "Курганская область",
      "cities": ["Курган", "Шадринск", "Курт��мыш", "Петухово", "Далматово", "Катайск"]
    },
    {
      "name": "Тульская область",
      "cities": ["Тула", "Новомосковск", "Алексин", "Узловая", "Щёкино", "Ефремов", "Донской"]
    },
    {
      "name": "Рязанская область",
      "cities": ["Рязань", "Касимов", "Скопин", "Сасово", "Михайлов", "Рыбное"]
    },
    {
      "name": "Калужская область",
      "cities": ["Калуга", "Обнинск", "Людиново", "Малоярославец", "Киров", "Козельск"]
    },
    {
      "name": "Брянская область",
      "cities": ["Брянск", "Клинцы", "Новозыбков", "Дятьково", "Унеча", "Сельцо", "Стародуб"]
    },
    {
      "name": "Орловская область",
      "cities": ["Орёл", "Ливны", "Мценск", "Малоархангельск", "Болхов"]
    },
    {
      "name": "Белгородская область",
      "cities": ["Белгород", "Старый Оскол", "Губкин", "Алексеевка", "Валуйки", "Шебекино"]
    },
    {
      "name": "Курская область",
      "cities": ["Курск", "Железногорск", "Курчатов", "Льгов", "Щигры", "Обоянь"]
    },
    {
      "name": "Липецкая область",
      "cities": ["Липецк", "Елец", "Грязи", "Данков", "Усмань", "Лебедянь"]
    },
    {
      "name": "Тамбовская область",
      "cities": ["Тамбов", "Мичуринск", "Рассказово", "Моршанск", "Котовск", "Уварово"]
    },
    {
      "name": "Пензенская область",
      "cities": ["Пенза", "Кузнецк", "Заречный", "Каменка", "Сердобск", "Никольск"]
    },
    {
      "name": "Республика Мордовия",
      "cities": ["Саранск", "Рузаевка", "Ковылкино", "Инсар", "Темников", "Ардатов"]
    },
    {
      "name": "Чувашская Республика",
      "cities": ["Чебоксары", "Новочебоксарск", "Канаш", "Алатырь", "Шумерля", "Цивильск"]
    },
    {
      "name": "Республика Марий Эл",
      "cities": ["Йошкар-Ола", "Волжск", "Козьмодемьянск", "Звенигово", "Медведево"]
    },
    {
      "name": "Ярославская область",
      "cities": ["Ярославль", "Рыбинск", "Переславль-Залесский", "Тутаев", "Углич", "Ростов"]
    },
    {
      "name": "Костромская область",
      "cities": ["Кострома", "Буй", "Шарья", "Волгореченск", "Нерехта", "Галич"]
    },
    {
      "name": "Ивановская область",
      "cities": ["Иваново", "Кинешма", "Шуя", "Вичуга", "Фурманов", "Тейково"]
    },
    {
      "name": "Владимирская область",
      "cities": ["Владимир", "Ковров", "Муром", "Александров", "Гусь-Хрустальный", "Кольчугино"]
    },
    {
      "name": "Тверская область",
      "cities": ["Тверь", "Ржев", "Вышний Волочёк", "Кимры", "Торжок", "Конаково"]
    },
    {
      "name": "Смоленская область",
      "cities": ["Смоленск", "Вязьма", "Рославль", "Сафоново", "Гагарин", "Ярцево"]
    },
    {
      "name": "Псковская область",
      "cities": ["Псков", "Великие Луки", "Остров", "Невель", "Печора", "Опочка"]
    },
    {
      "name": "Новгородская область",
      "cities": ["Великий Новгород", "Боровичи", "Старая Русса", "Валдай", "Чудово"]
    },
    {
      "name": "Вологодская область",
      "cities": ["Вологда", "Череповец", "Сокол", "Великий Устюг", "Грязовец", "Тотьма"]
    },
    {
      "name": "Архангельская область",
      "cities": ["Архангельск", "Северодвинск", "Котлас", "Новодвинск", "Коряжма", "Мирный"]
    },
    {
      "name": "Республика Коми",
      "cities": ["Сыктывкар", "Ухта", "Воркута", "Печора", "Усинск", "Инта"]
    },
    {
      "name": "Мурманская область",
      "cities": ["Мурманск", "Апатиты", "Североморск", "Мончегорск", "Кандалакша", "Кировск"]
    },
    {
      "name": "Республика Карелия",
      "cities": ["Петрозаводск", "Кондопога", "Сегежа", "Костомукша", "Сортавала", "Медвежьегорск"]
    },
    {
      "name": "Калининградская область",
      "cities": ["Калининград", "Советск", "Черняховск", "Балтийск", "Гусев", "Светлогорск"]
    },
    {
      "name": "Республика Дагестан",
      "cities": ["Махачкала", "Дербент", "Хасавюрт", "Каспийск", "Буйнакск", "Избербаш", "Кизляр"]
    },
    {
      "name": "Ставропольский край",
      "cities": ["Ставрополь", "Пятигорск", "Кисловодск", "Невинномысск", "Ессентуки", "Минеральные Воды"]
    },
    {
      "name": "Республика Адыгея",
      "cities": ["Майкоп", "Адыгейск"]
    },
    {
      "name": "Кабардино-Балкарская Республика",
      "cities": ["Нальчик", "Прохладный", "Баксан", "Майский", "Нарткала"]
    },
    {
      "name": "Карачаево-Черкесская Республика",
      "cities": ["Черкесск", "Карачаевск", "Усть-Джегута", "Теберда"]
    },
    {
      "name": "Республика Северная Осетия",
      "cities": ["Владикавказ", "Моздок", "Беслан", "Алагир", "Ардон"]
    },
    {
      "name": "Чеченская Республика",
      "cities": ["Грозный", "Гудермес", "Аргун", "Урус-Мартан", "Шали"]
    },
    {
      "name": "Республика Ингушетия",
      "cities": ["Магас", "Назрань", "Карабулак", "Малгобек"]
    },
    {
      "name": "Астраханская область",
      "cities": ["Астрахань", "Ахтубинск", "Знаменск", "Камызяк", "Нариманов"]
    },
    {
      "name": "Республика Калмыкия",
      "cities": ["Элиста", "Городовиковск", "Лагань"]
    },
    {
      "name": "Республика Алтай",
      "cities": ["Горно-Алтайск", "Кош-Агач", "Турочак"]
    },
    {
      "name": "Республика Тыва",
      "cities": ["Кызыл", "Ак-Довурак", "Шагонар", "Чадан"]
    },
    {
      "name": "Республика Хакасия",
      "cities": ["Абакан", "Черногорск", "Саяногорск", "Абаза", "Сорск"]
    },
    {
      "name": "Республика Бурятия",
      "cities": ["Улан-Удэ", "Северобайкальск", "Гусиноозёрск", "Закаменск", "Кяхта"]
    },
    {
      "name": "Забайкальский край",
      "cities": ["Чита", "Краснокаменск", "Борзя", "Петровск-Забайкальский", "Балей"]
    },
    {
      "name": "Амурская область",
      "cities": ["Благовещенск", "Белогорск", "Свободный", "Тында", "Зея", "Райчихинск"]
    },
    {
      "name": "Магаданская область",
      "cities": ["Магадан", "Сусуман", "Ола"]
    },
    {
      "name": "Сахалинская область",
      "cities": ["Южно-Сахалинск", "Корсаков", "Холмск", "Оха", "Невельск", "Поронайск"]
    },
    {
      "name": "Камчатский край",
      "cities": ["Петропавловск-Камчатский", "Елизово", "Вилючинск"]
    },
    {
      "name": "Чукотский АО",
      "cities": ["Анадырь", "Билибино", "Певек"]
    },
    {
      "name": "Еврейская АО",
      "cities": ["Биробиджан", "Облучье"]
    },
    {
      "name": "Донецкая Народная Республика",
      "cities": ["Донецк", "Макеевка", "Горловка", "Енакиево", "Дебальцево", "Ясиноватая"]
    },
    {
      "name": "Луганская Народная Республика",
      "cities": ["Луганск", "Алчевск", "Стаханов", "Красный Луч", "Свердловск", "Брянка"]
    },
    {
      "name": "Запорожская область",
      "cities": ["Мелитополь", "Бердянск", "Энергодар", "Токмак", "Приморск"]
    },
    {
      "name": "Херсонская область",
      "cities": ["Херсон", "Новая Каховка", "Каховка", "Геническ", "Скадовск"]
    }
  ]
}
