{
  "regions": [
    {
      "name": "Удмуртская Респ",
      "cities": [
        "Ижевск",
        "Сарапул",
        "Воткинск",
        "Глазов",
        "Можга",
        "Камбарка"
      ]
    },
    {
      "name": "Респ Татарстан",
      "cities": [
        "Казань",
        "Набережные Челны",
        "Нижнекамск",
        "Альметьевск",
        "Зеленодольск",
        "Бугульма",
        "Елабуга",
        "Лениногорск",
        "Чистополь",
        "Заинск",
        "Азнакаево",
        "Менделеевск",
        "Буинск",
        "Агрыз",
        "Арск",
        "Болгар",
        "Васильево",
        "Высокая Гора",
        "Джалиль",
        "Камское Устье",
        "Кукмор",
        "Лаишево",
        "Мамадыш",
        "Мензелинск",
        "Нурлат",
        "Тетюши"
      ]
    },
    {
      "name": "Респ Башкортостан",
      "cities": [
        "Уфа",
        "Стерлитамак",
        "Салават",
        "Нефтекамск",
        "Октябрьский",
        "Белорецк",
        "Туймазы",
        "Ишимбай",
        "Сибай",
        "Кумертау",
        "Мелеуз",
        "Благовещенск",
        "Учалы",
        "Давлеканово",
        "Дюртюли",
        "Янаул",
        "Бирск",
        "Белебей",
        "Агидель",
        "Баймак",
        "Межгорье"
      ]
    },
    {
      "name": "Пермский край",
      "cities": [
        "Пермь",
        "Березники",
        "Соликамск",
        "Чайковский",
        "Кунгур",
        "Лысьва",
        "Краснокамск",
        "Чусовой",
        "Добрянка",
        "Губаха",
        "Верещагино",
        "Кудымкар",
        "Чернушка",
        "Нытва",
        "Оханск",
        "Очёр",
        "Александровск",
        "Горнозаводск",
        "Гремячинск",
        "Кизел",
        "Красновишерск",
        "Оса",
        "Усолье"
      ]
    },
    {
      "name": "Кировская обл",
      "cities": [
        "Киров",
        "Кирово-Чепецк",
        "Слободской",
        "Вятские Поляны",
        "Котельнич",
        "Омутнинск",
        "Луза",
        "Яранск",
        "Советск",
        "Уржум",
        "Белая Холуница",
        "Зуевка",
        "Нолинск",
        "Малмыж",
        "Мураши",
        "Орлов"
      ]
    },
    {
      "name": "Свердловская обл",
      "cities": [
        "Екатеринбург",
        "Нижний Тагил",
        "Каменск-Уральский",
        "Первоуральск",
        "Серов",
        "Новоуральск",
        "Верхняя Пышма",
        "Полевской",
        "Ревда",
        "Асбест",
        "Краснотурьинск",
        "Богданович",
        "Верхняя Салда",
        "Алапаевск",
        "Березовский",
        "Ирбит",
        "Качканар",
        "Красноуфимск",
        "Артёмовский",
        "Сысерть",
        "Среднеуральск",
        "Верхний Тагил",
        "Волчанск",
        "Дегтярск",
        "Заречный",
        "Ивдель",
        "Карпинск",
        "Кировград",
        "Лесной",
        "Михайловск",
        "Невьянск",
        "Нижние Серги",
        "Нижняя Салда",
        "Нижняя Тура",
        "Новая Ляля",
        "Североуральск",
        "Сухой Лог",
        "Тавда",
        "Талица",
        "Туринск"
      ]
    },
    {
      "name": "Челябинская обл",
      "cities": [
        "Челябинск",
        "Магнитогорск",
        "Златоуст",
        "Миасс",
        "Копейск",
        "Озёрск",
        "Троицк",
        "Снежинск",
        "Сатка",
        "Трёхгорный",
        "Чебаркуль",
        "Южноуральск",
        "Верхний Уфалей",
        "Коркино",
        "Еманжелинск",
        "Аша",
        "Бакал",
        "Верхнеуральск",
        "Карабаш",
        "Карталы",
        "Касли",
        "Катав-Ивановск",
        "Кыштым",
        "Миньяр",
        "Пласт",
        "Сим",
        "Усть-Катав",
        "Юрюзань"
      ]
    },
    {
      "name": "г Москва",
      "cities": [
        "Москва",
        "Зеленоград",
        "Троицк",
        "Щербинка"
      ]
    },
    {
      "name": "Московская обл",
      "cities": [
        "Балашиха",
        "Подольск",
        "Химки",
        "Королёв",
        "Мытищи",
        "Люберцы",
        "Красногорск",
        "Электросталь",
        "Коломна",
        "Одинцово",
        "Домодедово",
        "Серпухов",
        "Щёлково",
        "Орехово-Зуево",
        "Раменское",
        "Долгопрудный",
        "Жуковский",
        "Пушкино",
        "Реутов",
        "Сергиев Посад",
        "Воскресенск",
        "Лобня",
        "Клин",
        "Ивантеевка",
        "Дубна",
        "Егорьевск",
        "Чехов",
        "Дмитров",
        "Ногинск",
        "Фрязино",
        "Ступино",
        "Павловский Посад",
        "Наро-Фоминск",
        "Талдом",
        "Протвино",
        "Кашира",
        "Видное",
        "Истра",
        "Можайск",
        "Озёры",
        "Солнечногорск",
        "Звенигород",
        "Лыткарино",
        "Котельники",
        "Красноармейск",
        "Апрелевка",
        "Бронницы",
        "Верея",
        "Волоколамск",
        "Высоковск",
        "Дедовск",
        "Дзержинский",
        "Дрезна",
        "Железнодорожный",
        "Жуков",
        "Зарайск",
        "Климовск",
        "Краснозаводск",
        "Краснознаменск",
        "Куровское",
        "Ликино-Дулёво",
        "Лосино-Петровский",
        "Луховицы",
        "Рошаль",
        "Руза",
        "Софрино",
        "Старая Купавна",
        "Хотьково",
        "Черноголовка",
        "Шатура",
        "Электрогорск",
        "Электроугли",
        "Яхрома"
      ]
    },
    {
      "name": "г Санкт-Петербург",
      "cities": [
        "Санкт-Петербург",
        "Колпино",
        "Кронштадт",
        "Ломоносов",
        "Павловск",
        "Петергоф",
        "Пушкин",
        "Сестрорецк"
      ]
    },
    {
      "name": "Ленинградская обл",
      "cities": [
        "Гатчина",
        "Выборг",
        "Всеволожск",
        "Тихвин",
        "Кириши",
        "Сосновый Бор",
        "Волхов",
        "Кингисепп",
        "Ивангород",
        "Луга",
        "Пикалёво",
        "Подпорожье",
        "Приозерск",
        "Светогорск",
        "Сланцы",
        "Тосно"
      ]
    },
    {
      "name": "Краснодарский край",
      "cities": [
        "Краснодар",
        "Сочи",
        "Новороссийск",
        "Армавир",
        "Ейск",
        "Анапа",
        "Геленджик",
        "Туапсе",
        "Кропоткин",
        "Белореченск",
        "Славянск-на-Кубани",
        "Лабинск",
        "Крымск",
        "Тимашёвск",
        "Курганинск",
        "Усть-Лабинск",
        "Апшеронск",
        "Абинск",
        "Горячий Ключ",
        "Темрюк",
        "Тихорецк",
        "Приморско-Ахтарск"
      ]
    },
    {
      "name": "Ростовская обл",
      "cities": [
        "Ростов-на-Дону",
        "Таганрог",
        "Шахты",
        "Новочеркасск",
        "Волгодонск",
        "Батайск",
        "Новошахтинск",
        "Каменск-Шахтинский",
        "Азов",
        "Гуково",
        "Сальск",
        "Донецк",
        "Зверево",
        "Белая Калитва",
        "Аксай",
        "Морозовск",
        "Семикаракорск",
        "Зерноград",
        "Миллерово",
        "Константиновск",
        "Красный Сулин",
        "Цимлянск"
      ]
    },
    {
      "name": "Нижегородская обл",
      "cities": [
        "Нижний Новгород",
        "Дзержинск",
        "Арзамас",
        "Саров",
        "Бор",
        "Кстово",
        "Павлово",
        "Выкса",
        "Балахна",
        "Городец",
        "Кулебаки",
        "Богородск",
        "Семёнов",
        "Чкаловск",
        "Заволжье",
        "Первомайск",
        "Перевоз",
        "Сергач",
        "Урень",
        "Шахунья"
      ]
    },
    {
      "name": "Самарская обл",
      "cities": [
        "Самара",
        "Тольятти",
        "Сызрань",
        "Новокуйбышевск",
        "Чапаевск",
        "Жигулёвск",
        "Отрадный",
        "Октябрьск",
        "Похвистнево",
        "Кинель"
      ]
    },
    {
      "name": "Респ Крым",
      "cities": [
        "Симферополь",
        "Севастополь",
        "Керчь",
        "Евпатория",
        "Ялта",
        "Феодосия",
        "Джанкой",
        "Алушта",
        "Бахчисарай",
        "Красноперекопск",
        "Саки",
        "Армянск",
        "Алупка",
        "Судак",
        "Щёлкино"
      ]
    },
    {
      "name": "Красноярский край",
      "cities": [
        "Красноярск",
        "Норильск",
        "Ачинск",
        "Канск",
        "Железногорск",
        "Минусинск",
        "Зеленогорск",
        "Лесосибирск",
        "Назарово",
        "Боготол",
        "Дивногорск",
        "Сосновоборск",
        "Шарыпово",
        "Енисейск",
        "Игарка",
        "Кодинск",
        "Заозёрный"
      ]
    },
    {
      "name": "Новосибирская обл",
      "cities": [
        "Новосибирск",
        "Бердск",
        "Искитим",
        "Куйбышев",
        "Обь",
        "Татарск",
        "Барабинск",
        "Каргат",
        "Черепаново",
        "Болотное",
        "Тогучин"
      ]
    },
    {
      "name": "Алтайский край",
      "cities": [
        "Барнаул",
        "Бийск",
        "Рубцовск",
        "Новоалтайск",
        "Заринск",
        "Камень-на-Оби",
        "Славгород",
        "Алейск",
        "Белокуриха",
        "Горняк",
        "Змеиногорск",
        "Яровое"
      ]
    },
    {
      "name": "Приморский край",
      "cities": [
        "Владивосток",
        "Находка",
        "Уссурийск",
        "Артём",
        "Арсеньев",
        "Большой Камень",
        "Спасск-Дальний",
        "Дальнегорск",
        "Партизанск",
        "Лесозаводск",
        "Дальнереченск",
        "Фокино"
      ]
    },
    {
      "name": "Хабаровский край",
      "cities": [
        "Хабаровск",
        "Комсомольск-на-Амуре",
        "Амурск",
        "Советская Гавань",
        "Николаевск-на-Амуре",
        "Бикин",
        "Вяземский"
      ]
    },
    {
      "name": "Иркутская обл",
      "cities": [
        "Иркутск",
        "Братск",
        "Ангарск",
        "Усть-Илимск",
        "Усолье-Сибирское",
        "Черемхово",
        "Шелехов",
        "Зима",
        "Саянск",
        "Тулун",
        "Бодайбо",
        "Вихоревка",
        "Железногорск-Илимский",
        "Киренск",
        "Нижнеудинск",
        "Свирск",
        "Слюдянка",
        "Тайшет",
        "Усть-Кут"
      ]
    },
    {
      "name": "Кемеровская обл",
      "cities": [
        "Кемерово",
        "Новокузнецк",
        "Прокопьевск",
        "Ленинск-Кузнецкий",
        "Киселёвск",
        "Междуреченск",
        "Белово",
        "Анжеро-Судженск",
        "Осинники",
        "Юрга",
        "Мыски",
        "Березовский",
        "Тайга",
        "Топки",
        "Мариинск",
        "Гурьевск",
        "Калтан",
        "Полысаево",
        "Салаир",
        "Таштагол"
      ]
    },
    {
      "name": "Омская обл",
      "cities": [
        "Омск",
        "Тара",
        "Калачинск",
        "Исилькуль",
        "Называевск",
        "Тюкалинск"
      ]
    },
    {
      "name": "Томская обл",
      "cities": [
        "Томск",
        "Северск",
        "Стрежевой",
        "Колпашево",
        "Асино",
        "Кедровый"
      ]
    },
    {
      "name": "Тюменская обл",
      "cities": [
        "Тюмень",
        "Тобольск",
        "Ишим",
        "Ялуторовск",
        "Заводоуковск"
      ]
    },
    {
      "name": "Ханты-Мансийский Автономный округ - Югра",
      "cities": [
        "Ханты-Мансийск",
        "Сургут",
        "Нижневартовск",
        "Нефтеюганск",
        "Когалым",
        "Нягань",
        "Мегион",
        "Лангепас",
        "Урай",
        "Радужный",
        "Пыть-Ях",
        "Лянтор",
        "Покачи",
        "Югорск",
        "Белоярский"
      ]
    },
    {
      "name": "Ямало-Ненецкий Автономный округ",
      "cities": [
        "Салехард",
        "Новый Уренгой",
        "Ноябрьск",
        "Надым",
        "Муравленко",
        "Губкинский",
        "Лабытнанги",
        "Тарко-Сале"
      ]
    },
    {
      "name": "Воронежская обл",
      "cities": [
        "Воронеж",
        "Борисоглебск",
        "Россошь",
        "Лиски",
        "Нововоронеж",
        "Острогожск",
        "Бутурлиновка",
        "Калач",
        "Павловск",
        "Семилуки",
        "Эртиль",
        "Богучар",
        "Бобров"
      ]
    },
    {
      "name": "Волгоградская обл",
      "cities": [
        "Волгоград",
        "Волжский",
        "Камышин",
        "Михайловка",
        "Урюпинск",
        "Фролово",
        "Калач-на-Дону",
        "Котово",
        "Котельниково",
        "Ленинск",
        "Николаевск",
        "Новоаннинский",
        "Палласовка",
        "Петров Вал",
        "Серафимович",
        "Суровикино"
      ]
    },
    {
      "name": "Саратовская обл",
      "cities": [
        "Саратов",
        "Энгельс",
        "Балаково",
        "Балашов",
        "Вольск",
        "Маркс",
        "Ртищево",
        "Аткарск",
        "Красноармейск",
        "Красный Кут",
        "Петровск",
        "Пугачёв",
        "Хвалынск"
      ]
    },
    {
      "name": "Ульяновская обл",
      "cities": [
        "Ульяновск",
        "Димитровград",
        "Инза",
        "Барыш",
        "Новоульяновск",
        "Сенгилей"
      ]
    },
    {
      "name": "Оренбургская обл",
      "cities": [
        "Оренбург",
        "Орск",
        "Новотроицк",
        "Бузулук",
        "Соль-Илецк",
        "Гай",
        "Кувандык",
        "Медногорск",
        "Абдулино",
        "Бугуруслан",
        "Сорочинск",
        "Ясный"
      ]
    },
    {
      "name": "Курганская обл",
      "cities": [
        "Курган",
        "Шадринск",
        "Куртамыш",
        "Петухово",
        "Далматово",
        "Катайск",
        "Макушино",
        "Щучье"
      ]
    },
    {
      "name": "Тульская обл",
      "cities": [
        "Тула",
        "Новомосковск",
        "Алексин",
        "Узловая",
        "Щёкино",
        "Ефремов",
        "Донской",
        "Богородицк",
        "Кимовск",
        "Венёв",
        "Белёв",
        "Болохово",
        "Суворов",
        "Чекалин"
      ]
    },
    {
      "name": "Рязанская обл",
      "cities": [
        "Рязань",
        "Касимов",
        "Скопин",
        "Сасово",
        "Михайлов",
        "Рыбное",
        "Кораблино",
        "Новомичуринск",
        "Ряжск",
        "Шацк"
      ]
    },
    {
      "name": "Калужская обл",
      "cities": [
        "Калуга",
        "Обнинск",
        "Людиново",
        "Малоярославец",
        "Киров",
        "Козельск",
        "Балабаново",
        "Боровск",
        "Ермолино",
        "Жиздра",
        "Жуков",
        "Кондрово",
        "Медынь",
        "Мещовск",
        "Мосальск",
        "Спас-Деменск",
        "Сухиничи",
        "Таруса",
        "Юхнов"
      ]
    },
    {
      "name": "Брянская обл",
      "cities": [
        "Брянск",
        "Клинцы",
        "Новозыбков",
        "Дятьково",
        "Унеча",
        "Сельцо",
        "Стародуб",
        "Почеп",
        "Трубчевск",
        "Карачев",
        "Жуковка",
        "Злынка",
        "Мглин",
        "Севск",
        "Сураж",
        "Фокино"
      ]
    },
    {
      "name": "Орловская обл",
      "cities": [
        "Орёл",
        "Ливны",
        "Мценск",
        "Малоархангельск",
        "Болхов"
      ]
    },
    {
      "name": "Белгородская обл",
      "cities": [
        "Белгород",
        "Старый Оскол",
        "Губкин",
        "Алексеевка",
        "Валуйки",
        "Шебекино",
        "Строитель",
        "Грайворон",
        "Короча"
      ]
    },
    {
      "name": "Курская обл",
      "cities": [
        "Курск",
        "Железногорск",
        "Курчатов",
        "Льгов",
        "Щигры",
        "Обоянь",
        "Дмитриев",
        "Рыльск",
        "Суджа",
        "Фатеж"
      ]
    },
    {
      "name": "Липецкая обл",
      "cities": [
        "Липецк",
        "Елец",
        "Грязи",
        "Данков",
        "Усмань",
        "Лебедянь",
        "Задонск",
        "Чаплыгин"
      ]
    },
    {
      "name": "Тамбовская обл",
      "cities": [
        "Тамбов",
        "Мичуринск",
        "Рассказово",
        "Моршанск",
        "Котовск",
        "Уварово",
        "Кирсанов",
        "Жердевка"
      ]
    },
    {
      "name": "Пензенская обл",
      "cities": [
        "Пенза",
        "Кузнецк",
        "Заречный",
        "Каменка",
        "Сердобск",
        "Никольск",
        "Нижний Ломов",
        "Сурск",
        "Спасск",
        "Городище",
        "Белинский"
      ]
    },
    {
      "name": "Респ Мордовия",
      "cities": [
        "Саранск",
        "Рузаевка",
        "Ковылкино",
        "Инсар",
        "Темников",
        "Ардатов",
        "Краснослободск"
      ]
    },
    {
      "name": "Чувашская Респ",
      "cities": [
        "Чебоксары",
        "Новочебоксарск",
        "Канаш",
        "Алатырь",
        "Шумерля",
        "Цивильск",
        "Козловка",
        "Мариинский Посад"
      ]
    },
    {
      "name": "Респ Марий Эл",
      "cities": [
        "Йошкар-Ола",
        "Волжск",
        "Козьмодемьянск",
        "Звенигово",
        "Медведево"
      ]
    },
    {
      "name": "Ярославская обл",
      "cities": [
        "Ярославль",
        "Рыбинск",
        "Переславль-Залесский",
        "Тутаев",
        "Углич",
        "Ростов",
        "Данилов",
        "Гаврилов-Ям",
        "Любим",
        "Мышкин",
        "Пошехонье"
      ]
    },
    {
      "name": "Костромская обл",
      "cities": [
        "Кострома",
        "Буй",
        "Шарья",
        "Волгореченск",
        "Нерехта",
        "Галич",
        "Мантурово",
        "Макарьев",
        "Солигалич",
        "Чухлома"
      ]
    },
    {
      "name": "Ивановская обл",
      "cities": [
        "Иваново",
        "Кинешма",
        "Шуя",
        "Вичуга",
        "Фурманов",
        "Тейково",
        "Родники",
        "Приволжск",
        "Южа",
        "Заволжск",
        "Комсомольск",
        "Наволоки",
        "Плёс",
        "Пучеж",
        "Юрьевец"
      ]
    },
    {
      "name": "Владимирская обл",
      "cities": [
        "Владимир",
        "Ковров",
        "Муром",
        "Александров",
        "Гусь-Хрустальный",
        "Кольчугино",
        "Вязники",
        "Киржач",
        "Радужный",
        "Собинка",
        "Юрьев-Польский",
        "Карабаново",
        "Лакинск",
        "Меленки",
        "Петушки",
        "Покров",
        "Струнино",
        "Судогда",
        "Суздаль"
      ]
    },
    {
      "name": "Тверская обл",
      "cities": [
        "Тверь",
        "Ржев",
        "Вышний Волочёк",
        "Кимры",
        "Торжок",
        "Конаково",
        "Бежецк",
        "Нелидово",
        "Удомля",
        "Бологое",
        "Кашин",
        "Калязин",
        "Осташков",
        "Старица",
        "Торопец",
        "Белый",
        "Весьегонск",
        "Зубцов",
        "Красный Холм"
      ]
    },
    {
      "name": "Смоленская обл",
      "cities": [
        "Смоленск",
        "Вязьма",
        "Рославль",
        "Сафоново",
        "Гагарин",
        "Ярцево",
        "Десногорск",
        "Дорогобуж",
        "Духовщина",
        "Велиж",
        "Демидов",
        "Починок",
        "Рудня",
        "Сычёвка"
      ]
    },
    {
      "name": "Псковская обл",
      "cities": [
        "Псков",
        "Великие Луки",
        "Остров",
        "Невель",
        "Печора",
        "Опочка",
        "Гдов",
        "Дно",
        "Порхов",
        "Пустошка",
        "Пыталово",
        "Себеж"
      ]
    },
    {
      "name": "Новгородская обл",
      "cities": [
        "Великий Новгород",
        "Боровичи",
        "Старая Русса",
        "Валдай",
        "Чудово",
        "Малая Вишера",
        "Окуловка",
        "Пестово",
        "Сольцы",
        "Холм"
      ]
    },
    {
      "name": "Вологодская обл",
      "cities": [
        "Вологда",
        "Череповец",
        "Сокол",
        "Великий Устюг",
        "Грязовец",
        "Тотьма",
        "Бабаево",
        "Белозерск",
        "Вытегра",
        "Кадников",
        "Кириллов",
        "Никольск",
        "Устюжна",
        "Харовск"
      ]
    },
    {
      "name": "Архангельская обл",
      "cities": [
        "Архангельск",
        "Северодвинск",
        "Котлас",
        "Новодвинск",
        "Коряжма",
        "Мирный",
        "Вельск",
        "Няндома",
        "Онега",
        "Каргополь",
        "Шенкурск",
        "Сольвычегодск"
      ]
    },
    {
      "name": "Респ Коми",
      "cities": [
        "Сыктывкар",
        "Ухта",
        "Воркута",
        "Печора",
        "Усинск",
        "Инта",
        "Сосногорск",
        "Вуктыл",
        "Емва",
        "Микунь"
      ]
    },
    {
      "name": "Мурманская обл",
      "cities": [
        "Мурманск",
        "Апатиты",
        "Североморск",
        "Мончегорск",
        "Кандалакша",
        "Кировск",
        "Полярный",
        "Заполярный",
        "Оленегорск",
        "Снежногорск",
        "Ковдор",
        "Полярные Зори",
        "Заозёрск"
      ]
    },
    {
      "name": "Респ Карелия",
      "cities": [
        "Петрозаводск",
        "Кондопога",
        "Сегежа",
        "Костомукша",
        "Сортавала",
        "Медвежьегорск",
        "Беломорск",
        "Кемь",
        "Лахденпохья",
        "Олонец",
        "Питкяранта",
        "Пудож"
      ]
    },
    {
      "name": "Калининградская обл",
      "cities": [
        "Калининград",
        "Советск",
        "Черняховск",
        "Балтийск",
        "Гусев",
        "Светлогорск",
        "Зеленоградск",
        "Багратионовск",
        "Гвардейск",
        "Гурьевск",
        "Железнодорожный",
        "Знаменск",
        "Краснознаменск",
        "Ладушкин",
        "Мамоново",
        "Неман",
        "Нестеров",
        "Озёрск",
        "Пионерский",
        "Полесск",
        "Правдинск",
        "Приморск",
        "Светлый",
        "Славск",
        "Советск",
        "Черняховск"
      ]
    },
    {
      "name": "Респ Дагестан",
      "cities": [
        "Махачкала",
        "Дербент",
        "Хасавюрт",
        "Каспийск",
        "Буйнакск",
        "Избербаш",
        "Кизляр",
        "Кизилюрт",
        "Южно-Сухокумск",
        "Дагестанские Огни"
      ]
    },
    {
      "name": "Ставропольский край",
      "cities": [
        "Ставрополь",
        "Пятигорск",
        "Кисловодск",
        "Невинномысск",
        "Ессентуки",
        "Минеральные Воды",
        "Георгиевск",
        "Михайловск",
        "Железноводск",
        "Будённовск",
        "Светлоград",
        "Зеленокумск",
        "Ипатово",
        "Изобильный",
        "Лермонтов",
        "Новоалександровск",
        "Новопавловск"
      ]
    },
    {
      "name": "Респ Адыгея",
      "cities": [
        "Майкоп",
        "Адыгейск"
      ]
    },
    {
      "name": "Кабардино-Балкарская Респ",
      "cities": [
        "Нальчик",
        "Прохладный",
        "Баксан",
        "Майский",
        "Нарткала",
        "Терек",
        "Тырныауз",
        "Чегем"
      ]
    },
    {
      "name": "Карачаево-Черкесская Респ",
      "cities": [
        "Черкесск",
        "Карачаевск",
        "Усть-Джегута",
        "Теберда"
      ]
    },
    {
      "name": "Респ Северная Осетия - Алания",
      "cities": [
        "Владикавказ",
        "Моздок",
        "Беслан",
        "Алагир",
        "Ардон",
        "Дигора"
      ]
    },
    {
      "name": "Чеченская Респ",
      "cities": [
        "Грозный",
        "Гудермес",
        "Аргун",
        "Урус-Мартан",
        "Шали"
      ]
    },
    {
      "name": "Респ Ингушетия",
      "cities": [
        "Магас",
        "Назрань",
        "Карабулак",
        "Малгобек"
      ]
    },
    {
      "name": "Астраханская обл",
      "cities": [
        "Астрахань",
        "Ахтубинск",
        "Знаменск",
        "Камызяк",
        "Нариманов",
        "Харабали"
      ]
    },
    {
      "name": "Респ Калмыкия",
      "cities": [
        "Элиста",
        "Городовиковск",
        "Лагань"
      ]
    },
    {
      "name": "Респ Алтай",
      "cities": [
        "Горно-Алтайск"
      ]
    },
    {
      "name": "Респ Тыва",
      "cities": [
        "Кызыл",
        "Ак-Довурак",
        "Шагонар",
        "Чадан",
        "Туран"
      ]
    },
    {
      "name": "Респ Хакасия",
      "cities": [
        "Абакан",
        "Черногорск",
        "Саяногорск",
        "Абаза",
        "Сорск"
      ]
    },
    {
      "name": "Респ Бурятия",
      "cities": [
        "Улан-Удэ",
        "Северобайкальск",
        "Гусиноозёрск",
        "Закаменск",
        "Кяхта",
        "Бабушкин"
      ]
    },
    {
      "name": "Забайкальский край",
      "cities": [
        "Чита",
        "Краснокаменск",
        "Борзя",
        "Петровск-Забайкальский",
        "Балей",
        "Нерчинск",
        "Могоча",
        "Сретенск",
        "Хилок",
        "Шилка"
      ]
    },
    {
      "name": "Амурская обл",
      "cities": [
        "Благовещенск",
        "Белогорск",
        "Свободный",
        "Тында",
        "Зея",
        "Райчихинск",
        "Шимановск",
        "Завитинск",
        "Сковородино"
      ]
    },
    {
      "name": "Магаданская обл",
      "cities": [
        "Магадан",
        "Сусуман",
        "Ола"
      ]
    },
    {
      "name": "Сахалинская обл",
      "cities": [
        "Южно-Сахалинск",
        "Корсаков",
        "Холмск",
        "Оха",
        "Невельск",
        "Поронайск",
        "Александровск-Сахалинский",
        "Анива",
        "Долинск",
        "Макаров",
        "Томари",
        "Углегорск",
        "Шахтёрск",
        "Курильск",
        "Северо-Курильск"
      ]
    },
    {
      "name": "Камчатский край",
      "cities": [
        "Петропавловск-Камчатский",
        "Елизово",
        "Вилючинск"
      ]
    },
    {
      "name": "Чукотский АО",
      "cities": [
        "Анадырь",
        "Билибино",
        "Певек"
      ]
    },
    {
      "name": "Еврейская Аобл",
      "cities": [
        "Биробиджан",
        "Облучье"
      ]
    },
    {
      "name": "Донецкая Народная Респ",
      "cities": [
        "Донецк",
        "Макеевка",
        "Горловка",
        "Енакиево",
        "Дебальцево",
        "Ясиноватая",
        "Харцызск",
        "Снежное",
        "Торез",
        "Шахтёрск",
        "Кировское",
        "Докучаевск",
        "Амвросиевка",
        "Иловайск"
      ]
    },
    {
      "name": "Луганская Народная Респ",
      "cities": [
        "Луганск",
        "Алчевск",
        "Стаханов",
        "Красный Луч",
        "Свердловск",
        "Брянка",
        "Краснодон",
        "Ровеньки",
        "Первомайск",
        "Антрацит",
        "Кировск"
      ]
    },
    {
      "name": "Запорожская обл",
      "cities": [
        "Мелитополь",
        "Бердянск",
        "Энергодар",
        "Токмак",
        "Приморск",
        "Васильевка",
        "Пологи"
      ]
    },
    {
      "name": "Херсонская обл",
      "cities": [
        "Херсон",
        "Новая Каховка",
        "Каховка",
        "Геническ",
        "Скадовск",
        "Голая Пристань"
      ]
    }
  ]
}